{
    "client": "Thunder Client",
    "collectionName": "Control-Stock",
    "dateExported": "2023-04-09T16:30:26.676Z",
    "version": "1.1",
    "folders": [
        {
            "_id": "80257c9d-5d4f-456c-9528-5b6a7ddc0b1b",
            "name": "Suppliers",
            "containerId": "c76cd169-708b-4db5-ba78-840213f91cce",
            "created": "2023-04-03T12:34:42.628Z",
            "sortNum": 10000
        },
        {
            "_id": "2370825e-5012-4aa2-9fff-46989a8e6b13",
            "name": "Suppliers",
            "containerId": "9514e126-ee65-4fcf-b1eb-ec4cfd089dcc",
            "created": "2023-04-03T12:34:42.630Z",
            "sortNum": 10000
        },
        {
            "_id": "4873d250-b4cd-4a00-af34-67f6664bc071",
            "name": "Clients",
            "containerId": "c76cd169-708b-4db5-ba78-840213f91cce",
            "created": "2023-04-03T12:34:42.631Z",
            "sortNum": 15000
        },
        {
            "_id": "d2f396f9-b2ef-437d-97a5-fb451bd4a8c1",
            "name": "Clients",
            "containerId": "9514e126-ee65-4fcf-b1eb-ec4cfd089dcc",
            "created": "2023-04-03T12:34:42.632Z",
            "sortNum": 15000
        },
        {
            "_id": "1184843c-3acc-495e-9925-f1f5629dffa9",
            "name": "Inventory",
            "containerId": "c76cd169-708b-4db5-ba78-840213f91cce",
            "created": "2023-04-03T12:34:42.633Z",
            "sortNum": 20000
        },
        {
            "_id": "5ddb44df-b78a-4153-a78d-f0fd58b9a060",
            "name": "Inventory",
            "containerId": "9514e126-ee65-4fcf-b1eb-ec4cfd089dcc",
            "created": "2023-04-03T12:34:42.634Z",
            "sortNum": 20000
        },
        {
            "_id": "5b890b6c-ddf0-4eb6-a937-229fa6c3ad8a",
            "name": "Invoices",
            "containerId": "c76cd169-708b-4db5-ba78-840213f91cce",
            "created": "2023-04-03T12:34:42.635Z",
            "sortNum": 30000
        },
        {
            "_id": "002203a6-3ef2-4237-9ce2-d1f50a9b3401",
            "name": "Invoices",
            "containerId": "9514e126-ee65-4fcf-b1eb-ec4cfd089dcc",
            "created": "2023-04-03T12:34:42.636Z",
            "sortNum": 30000
        },
        {
            "_id": "00d2f669-2cf0-4882-9c4c-458fb961dd2e",
            "name": "Products",
            "containerId": "c76cd169-708b-4db5-ba78-840213f91cce",
            "created": "2023-04-03T12:34:42.637Z",
            "sortNum": 40000
        },
        {
            "_id": "4062da3c-022d-4e6a-82fa-e7d103fef531",
            "name": "Products",
            "containerId": "9514e126-ee65-4fcf-b1eb-ec4cfd089dcc",
            "created": "2023-04-03T12:34:42.638Z",
            "sortNum": 40000
        },
        {
            "_id": "c76cd169-708b-4db5-ba78-840213f91cce",
            "name": "Development",
            "containerId": "",
            "created": "2023-04-03T12:34:42.639Z",
            "sortNum": 50000
        },
        {
            "_id": "ff320d92-dff3-4e12-8b5f-78dce24baa99",
            "name": "Login",
            "containerId": "c76cd169-708b-4db5-ba78-840213f91cce",
            "created": "2023-04-03T12:34:42.640Z",
            "sortNum": 60000
        },
        {
            "_id": "9514e126-ee65-4fcf-b1eb-ec4cfd089dcc",
            "name": "Production",
            "containerId": "",
            "created": "2023-04-03T12:34:42.641Z",
            "sortNum": 60000
        },
        {
            "_id": "1738c1f5-c3b0-4bad-a67c-2ae39424f08c",
            "name": "Login",
            "containerId": "9514e126-ee65-4fcf-b1eb-ec4cfd089dcc",
            "created": "2023-04-03T12:34:42.642Z",
            "sortNum": 60000
        },
        {
            "_id": "61108305-239e-4594-8236-7f8c52648c5f",
            "name": "Files",
            "containerId": "c76cd169-708b-4db5-ba78-840213f91cce",
            "created": "2023-04-03T12:34:42.643Z",
            "sortNum": 130000
        },
        {
            "_id": "be7c4041-aec9-4d6c-aa83-2fa12f5fa32c",
            "name": "Files",
            "containerId": "9514e126-ee65-4fcf-b1eb-ec4cfd089dcc",
            "created": "2023-04-03T12:34:42.644Z",
            "sortNum": 130000
        },
        {
            "_id": "d4341e84-d098-42ea-8abb-68446244a3e3",
            "name": "Users",
            "containerId": "c76cd169-708b-4db5-ba78-840213f91cce",
            "created": "2023-04-03T12:34:42.645Z",
            "sortNum": 140000
        },
        {
            "_id": "e48f68a8-bed0-442b-ad4b-442633b72637",
            "name": "Users",
            "containerId": "9514e126-ee65-4fcf-b1eb-ec4cfd089dcc",
            "created": "2023-04-03T12:34:42.646Z",
            "sortNum": 140000
        },
        {
            "_id": "6cb67f0e-dc42-428c-827e-602b2951f09f",
            "name": "Transactions",
            "containerId": "c76cd169-708b-4db5-ba78-840213f91cce",
            "created": "2023-04-03T12:34:42.647Z",
            "sortNum": 150000
        },
        {
            "_id": "9bd6f6de-fe2d-4d86-94a7-25636f494e70",
            "name": "Transactions",
            "containerId": "9514e126-ee65-4fcf-b1eb-ec4cfd089dcc",
            "created": "2023-04-03T12:34:42.648Z",
            "sortNum": 150000
        },
        {
            "_id": "d9f7e759-2567-4e2d-954c-d6049573e699",
            "name": "Clients",
            "containerId": "9514e126-ee65-4fcf-b1eb-ec4cfd089dcc",
            "created": "2023-04-03T12:34:42.649Z",
            "sortNum": 160000
        }
    ],
    "requests": [
        {
            "_id": "f4dacb33-1014-470d-94df-cbf0824ad548",
            "colId": "9867f855-ed31-43d1-8687-bad686152bd3",
            "containerId": "00d2f669-2cf0-4882-9c4c-458fb961dd2e",
            "name": "POST",
            "url": "http://localhost:3001/products/",
            "method": "POST",
            "sortNum": 10000,
            "created": "2023-04-03T12:34:42.630Z",
            "modified": "2023-04-09T16:28:20.726Z",
            "headers": [],
            "params": [],
            "body": {
                "type": "json",
                "raw": "{\n  \"id\": \"ffc9c848-9424-4a05-8720-835c803b863c\",\n  \"codigo\": \"SAMS9\",\n  \"marca\": \"Samsung\",\n  \"modelo\": \"S9\",\n  \"color\": \"Violeta\",\n  \"capacidad\": \"128GB\",\n  \"descLarga\": \"Texto largo\",\n  \"descCorta\": \"Texto corto\",\n  \"Images\": [\"1680764732289.jpeg\"],\n  \"CategoryId\": 1\n}",
                "form": []
            },
            "tests": []
        },
        {
            "_id": "82a7c352-d73e-4735-8674-9da4c8e0f3a0",
            "colId": "9867f855-ed31-43d1-8687-bad686152bd3",
            "containerId": "ff320d92-dff3-4e12-8b5f-78dce24baa99",
            "name": "Login - post",
            "url": "http://localhost:3001/login",
            "method": "POST",
            "sortNum": 10000,
            "created": "2023-04-03T12:34:42.631Z",
            "modified": "2023-04-03T12:34:42.631Z",
            "headers": [],
            "params": [],
            "body": {
                "type": "json",
                "raw": "{\n  \"email\": \"maxi.326519@gmail.com\",\n  \"password\": \"12345678\"\n}",
                "form": []
            },
            "tests": []
        },
        {
            "_id": "a9807514-950c-4c0c-b72f-ff3e7a7b8676",
            "colId": "9867f855-ed31-43d1-8687-bad686152bd3",
            "containerId": "4062da3c-022d-4e6a-82fa-e7d103fef531",
            "name": "POST",
            "url": "http://localhost:3001/products/",
            "method": "POST",
            "sortNum": 10000,
            "created": "2023-04-03T12:34:42.632Z",
            "modified": "2023-04-03T12:34:42.632Z",
            "headers": [],
            "params": [],
            "body": {
                "type": "json",
                "raw": "{\n  \"codigo\": \"SAMS9\",\n  \"modelo\": \"S9\",\n  \"marca\": \"Samsung\",\n  \"color\": \"Gris\",\n  \"capacidad\": \"12GB\",\n  \"descLarga\": \"Texto largo\",\n  \"descCorta\": \"Texto corto\",\n  \"imgGenerica\": [\"imageUrl1\", \"ImageUrl2\"]\n}",
                "form": []
            },
            "tests": []
        },
        {
            "_id": "900ef47e-0098-4db6-8ee6-f378245db994",
            "colId": "9867f855-ed31-43d1-8687-bad686152bd3",
            "containerId": "1738c1f5-c3b0-4bad-a67c-2ae39424f08c",
            "name": "Login - post",
            "url": "http://localhost:3001/login",
            "method": "POST",
            "sortNum": 10000,
            "created": "2023-04-03T12:34:42.633Z",
            "modified": "2023-04-03T12:34:42.633Z",
            "headers": [],
            "params": [],
            "body": {
                "type": "json",
                "raw": "{\n  \"email\": \"maxi.326519@gmail.com\",\n  \"password\": \"12345678\"\n}",
                "form": []
            },
            "tests": []
        },
        {
            "_id": "5ff18e79-f95a-4d28-9cd7-e54e4b2b415e",
            "colId": "9867f855-ed31-43d1-8687-bad686152bd3",
            "containerId": "00d2f669-2cf0-4882-9c4c-458fb961dd2e",
            "name": "GET",
            "url": "http://localhost:3001/products",
            "method": "GET",
            "sortNum": 15000,
            "created": "2023-04-03T12:34:42.634Z",
            "modified": "2023-04-03T12:34:42.634Z",
            "headers": [],
            "params": [],
            "tests": []
        },
        {
            "_id": "3aaf3c8d-b901-4a1b-a405-e5374b81682d",
            "colId": "9867f855-ed31-43d1-8687-bad686152bd3",
            "containerId": "4062da3c-022d-4e6a-82fa-e7d103fef531",
            "name": "GET",
            "url": "http://localhost:3001/products",
            "method": "GET",
            "sortNum": 15000,
            "created": "2023-04-03T12:34:42.635Z",
            "modified": "2023-04-03T12:34:42.635Z",
            "headers": [],
            "params": [],
            "tests": []
        },
        {
            "_id": "e24e2a41-bc21-4e31-9e29-8125aef2b68c",
            "colId": "9867f855-ed31-43d1-8687-bad686152bd3",
            "containerId": "ff320d92-dff3-4e12-8b5f-78dce24baa99",
            "name": "Verification",
            "url": "http://localhost:3001/info",
            "method": "GET",
            "sortNum": 20000,
            "created": "2023-04-03T12:34:42.636Z",
            "modified": "2023-04-03T12:34:42.636Z",
            "headers": [],
            "params": [],
            "auth": {
                "type": "bearer",
                "bearer": "eyJhbGciOiJIUzI1NiIsInR5cCI6IkpXVCJ9.eyJjaGVjayI6dHJ1ZSwiaWF0IjoxNjc5Mzg4NTc5LCJleHAiOjE2Nzk5OTMzNzl9.9LgULPYd8Asby919DdwD59t-Xv3fu1oNLGm6gKJr7-c"
            },
            "tests": []
        },
        {
            "_id": "ec85ce04-9ec9-40cb-8273-43bfbe6ac87a",
            "colId": "9867f855-ed31-43d1-8687-bad686152bd3",
            "containerId": "1738c1f5-c3b0-4bad-a67c-2ae39424f08c",
            "name": "Verification",
            "url": "http://localhost:3001/info",
            "method": "GET",
            "sortNum": 20000,
            "created": "2023-04-03T12:34:42.638Z",
            "modified": "2023-04-03T12:34:42.638Z",
            "headers": [],
            "params": [],
            "auth": {
                "type": "bearer",
                "bearer": "eyJhbGciOiJIUzI1NiIsInR5cCI6IkpXVCJ9.eyJjaGVjayI6dHJ1ZSwiaWF0IjoxNjc5Mzg4NTc5LCJleHAiOjE2Nzk5OTMzNzl9.9LgULPYd8Asby919DdwD59t-Xv3fu1oNLGm6gKJr7-c"
            },
            "tests": []
        },
        {
            "_id": "62d212e5-f74e-4bf9-8aa7-03f2cc645193",
            "colId": "9867f855-ed31-43d1-8687-bad686152bd3",
            "containerId": "00d2f669-2cf0-4882-9c4c-458fb961dd2e",
            "name": "PATCH",
            "url": "http://localhost:3001/products",
            "method": "PATCH",
            "sortNum": 40000,
            "created": "2023-04-03T12:34:42.639Z",
            "modified": "2023-04-03T12:34:42.639Z",
            "headers": [],
            "params": [],
            "body": {
                "type": "json",
                "raw": "{\n  \"id\": \"593aa9f0-7695-4a97-8e67-cbb045cf81c5\",\n  \"codigo\": \"SAMS9\",\n  \"modelo\": \"S9\",\n  \"marca\": \"Samsung\",\n  \"color\": \"Gris\",\n  \"capacidad\": \"12GB\",\n  \"descLarga\": \"Texto largo\",\n  \"descCorta\": \"Texto corto\",\n  \"imgGenerica\": [\"1680018644375.jpg\"],\n  \"createdAt\": \"2023-03-29T03:21:24.588Z\"\n}",
                "form": []
            },
            "tests": []
        },
        {
            "_id": "6055a6a2-e06e-4084-84ee-e4aafdafb544",
            "colId": "9867f855-ed31-43d1-8687-bad686152bd3",
            "containerId": "4062da3c-022d-4e6a-82fa-e7d103fef531",
            "name": "PATCH",
            "url": "http://localhost:3001/products",
            "method": "PATCH",
            "sortNum": 40000,
            "created": "2023-04-03T12:34:42.640Z",
            "modified": "2023-04-03T12:34:42.640Z",
            "headers": [],
            "params": [],
            "body": {
                "type": "json",
                "raw": "{\n  \"id\": \"593aa9f0-7695-4a97-8e67-cbb045cf81c5\",\n  \"codigo\": \"SAMS9\",\n  \"modelo\": \"S9\",\n  \"marca\": \"Samsung\",\n  \"color\": \"Gris\",\n  \"capacidad\": \"12GB\",\n  \"descLarga\": \"Texto largo\",\n  \"descCorta\": \"Texto corto\",\n  \"imgGenerica\": [\"1680018644375.jpg\"],\n  \"createdAt\": \"2023-03-29T03:21:24.588Z\"\n}",
                "form": []
            },
            "tests": []
        },
        {
            "_id": "e3c7ec5e-a671-45b9-b0dd-5980c146df24",
            "colId": "9867f855-ed31-43d1-8687-bad686152bd3",
            "containerId": "5b890b6c-ddf0-4eb6-a937-229fa6c3ad8a",
            "name": "POST",
            "url": "http://localhost:3001/invoices",
            "method": "POST",
            "sortNum": 70000,
            "created": "2023-04-03T12:34:42.641Z",
            "modified": "2023-04-09T15:13:16.031Z",
            "headers": [],
            "params": [],
            "body": {
                "type": "json",
                "raw": "{\n  \"fecha\": \"02/03/2023\",\n  \"numero\": 2,\n  \"pendiente\": true,\n  \"archivo\": \"\",\n  \"detalles\": [\n    {\n      \"estado\": \"Nuevo\",\n      \"fechaAlta\": \"01/02/2023\",\n      \"cantidad\": 1,\n      \"catalogo\": true,\n      \"IMEISerie\": \"\",\n      \"tipoCodigoDeBarras\": \"\",\n      \"codigoDeBarras\": \"\",\n      \"precioSinIVA\": 0,\n      \"precioIVA\": 0,\n      \"precioIVAINC\": 0,\n      \"recargo\": 0,\n      \"total\": 0,\n      \"detalles\": \"\",\n      \"imagenes\": [],\n      \"productId\": \"ffc9c848-9424-4a05-8720-835c803b863c\",\n      \"supplierId\": \"5daf7731-4b04-461b-98d4-002ed88fcd61\"\n    }\n  ],\n  \"tipoImpositivo\": \"IVA\",\n  \"supplier\": \"5daf7731-4b04-461b-98d4-002ed88fcd61\"\n}",
                "form": []
            },
            "tests": []
        },
        {
            "_id": "bc5aec6d-c58a-4972-b956-2ca25a79ec3d",
            "colId": "9867f855-ed31-43d1-8687-bad686152bd3",
            "containerId": "002203a6-3ef2-4237-9ce2-d1f50a9b3401",
            "name": "POST",
            "url": "http://localhost:3001/invoices",
            "method": "POST",
            "sortNum": 70000,
            "created": "2023-04-03T12:34:42.642Z",
            "modified": "2023-04-03T12:34:42.642Z",
            "headers": [],
            "params": [],
            "body": {
                "type": "json",
                "raw": "{\n  \"fecha\": \"02/03/2023\",\n  \"numero\": 5,\n  \"pendiente\": true,\n  \"archivo\": \"\",\n  \"detalles\": [{\n    \"status\": \"Nuevo\",\n    \"IMEISerie\": \"41241241453413241\",\n    \"tipoCodigoDeBarras\": \"Code128\",\n    \"codigoDeBarras\": \"01128930453442382319\",\n    \"precioSinIVA\": 23,\n    \"precioIVA\": 24,\n    \"precioIVAINC\": 24,\n    \"imagen\": \"url\",\n    \"product\": \"9b0114fe-4580-4cf4-8b85-ad9d23be6894\"\n  }],\n  \"tipoImpositivo\": \"IVA\",\n  \"supplier\": \"78f3f61c-0392-41e5-9cba-186d051fe2c0\"\n}",
                "form": []
            },
            "tests": []
        },
        {
            "_id": "1389aada-a6d1-4599-afb5-3884c46c33f6",
            "colId": "9867f855-ed31-43d1-8687-bad686152bd3",
            "containerId": "5b890b6c-ddf0-4eb6-a937-229fa6c3ad8a",
            "name": "GET",
            "url": "https://api.infotecnik.cat/invoices",
            "method": "GET",
            "sortNum": 80000,
            "created": "2023-04-03T12:34:42.643Z",
            "modified": "2023-04-03T12:34:42.643Z",
            "headers": [],
            "params": [],
            "tests": []
        },
        {
            "_id": "096d666d-950b-4ee9-b564-bef84ca518c7",
            "colId": "9867f855-ed31-43d1-8687-bad686152bd3",
            "containerId": "002203a6-3ef2-4237-9ce2-d1f50a9b3401",
            "name": "GET",
            "url": "https://api.infotecnik.cat/invoices",
            "method": "GET",
            "sortNum": 80000,
            "created": "2023-04-03T12:34:42.644Z",
            "modified": "2023-04-03T12:34:42.644Z",
            "headers": [],
            "params": [],
            "tests": []
        },
        {
            "_id": "7b3520cb-5690-4a61-8b68-0e1453effbef",
            "colId": "9867f855-ed31-43d1-8687-bad686152bd3",
            "containerId": "5b890b6c-ddf0-4eb6-a937-229fa6c3ad8a",
            "name": "PATCH",
            "url": "http://localhost:3000/invoices",
            "method": "PATCH",
            "sortNum": 90000,
            "created": "2023-04-03T12:34:42.645Z",
            "modified": "2023-04-03T12:34:42.645Z",
            "headers": [],
            "params": [],
            "body": {
                "type": "json",
                "raw": "  {\n    \"id\": \"262f4510-61b5-43e3-b8f9-b83ea704e54f\",\n    \"fecha\": \"02/04/2023\",\n    \"numero\": 1,\n    \"archivo\": \"url\",\n    \"tipoImpositivo\": \"IVA\",\n    \"createdAt\": \"2023-03-10T14:46:44.000Z\",\n    \"updatedAt\": \"2023-03-10T14:46:44.000Z\",\n    \"SupplierId\": \"ccf620c9-d67c-4024-b40a-9e56d94d372a\"\n  }",
                "form": []
            },
            "tests": []
        },
        {
            "_id": "cb11a555-2ad5-4a49-a643-a0f6869bd4a3",
            "colId": "9867f855-ed31-43d1-8687-bad686152bd3",
            "containerId": "002203a6-3ef2-4237-9ce2-d1f50a9b3401",
            "name": "PATCH",
            "url": "http://localhost:3000/invoices",
            "method": "PATCH",
            "sortNum": 90000,
            "created": "2023-04-03T12:34:42.646Z",
            "modified": "2023-04-03T12:34:42.646Z",
            "headers": [],
            "params": [],
            "body": {
                "type": "json",
                "raw": "  {\n    \"id\": \"262f4510-61b5-43e3-b8f9-b83ea704e54f\",\n    \"fecha\": \"02/04/2023\",\n    \"numero\": 1,\n    \"archivo\": \"url\",\n    \"tipoImpositivo\": \"IVA\",\n    \"createdAt\": \"2023-03-10T14:46:44.000Z\",\n    \"updatedAt\": \"2023-03-10T14:46:44.000Z\",\n    \"SupplierId\": \"ccf620c9-d67c-4024-b40a-9e56d94d372a\"\n  }",
                "form": []
            },
            "tests": []
        },
        {
            "_id": "08ac4bd9-c2db-440c-84a0-291b6288866c",
            "colId": "9867f855-ed31-43d1-8687-bad686152bd3",
            "containerId": "5b890b6c-ddf0-4eb6-a937-229fa6c3ad8a",
            "name": "DELETE",
            "url": "http://localhost:3000/invoices",
            "method": "DELETE",
            "sortNum": 100000,
            "created": "2023-04-03T12:34:42.647Z",
            "modified": "2023-04-03T12:34:42.647Z",
            "headers": [],
            "params": [],
            "tests": []
        },
        {
            "_id": "47c9357a-384b-48a4-a31b-ae4068d26c6f",
            "colId": "9867f855-ed31-43d1-8687-bad686152bd3",
            "containerId": "002203a6-3ef2-4237-9ce2-d1f50a9b3401",
            "name": "DELETE",
            "url": "http://localhost:3000/invoices",
            "method": "DELETE",
            "sortNum": 100000,
            "created": "2023-04-03T12:34:42.648Z",
            "modified": "2023-04-03T12:34:42.648Z",
            "headers": [],
            "params": [],
            "tests": []
        },
        {
            "_id": "a1dcd711-87fa-4d18-aaa0-4802eeb89762",
            "colId": "9867f855-ed31-43d1-8687-bad686152bd3",
            "containerId": "1184843c-3acc-495e-9925-f1f5629dffa9",
            "name": "GET",
            "url": "http://localhost:3001/inventory",
            "method": "GET",
            "sortNum": 120000,
            "created": "2023-04-03T12:34:42.649Z",
            "modified": "2023-04-03T12:34:42.649Z",
            "headers": [],
            "params": [],
            "tests": []
        },
        {
            "_id": "13d521e6-6dbb-4cb9-879d-f57d0f94e9ff",
            "colId": "9867f855-ed31-43d1-8687-bad686152bd3",
            "containerId": "5ddb44df-b78a-4153-a78d-f0fd58b9a060",
            "name": "GET",
            "url": "http://localhost:3001/inventory",
            "method": "GET",
            "sortNum": 120000,
            "created": "2023-04-03T12:34:42.650Z",
            "modified": "2023-04-03T12:34:42.650Z",
            "headers": [],
            "params": [],
            "tests": []
        },
        {
            "_id": "849b4e42-3bc1-493b-a9a3-dd0474ab3c3d",
            "colId": "9867f855-ed31-43d1-8687-bad686152bd3",
            "containerId": "1184843c-3acc-495e-9925-f1f5629dffa9",
            "name": "PATCH",
            "url": "http://localhost:3000/inventory",
            "method": "PATCH",
            "sortNum": 130000,
            "created": "2023-04-03T12:34:42.651Z",
            "modified": "2023-04-03T12:34:42.651Z",
            "headers": [],
            "params": [],
            "body": {
                "type": "json",
                "raw": "  {\n    \"id\": \"31aa2391-deb0-4458-bee0-1995aa205926\",\n    \"status\": \"Vendido\",\n    \"IMEISerie\": \"41241241453413241\",\n    \"tipoCodigoDeBarras\": \"Code128\",\n    \"codigoDeBarras\": \"01128930453442382319\",\n    \"precioIVA\": 28,\n    \"precioSinIVA\": 23,\n    \"precioIVAINC\": 30,\n    \"imagen\": \"url\",\n    \"createdAt\": \"2023-03-10T15:30:21.000Z\",\n    \"updatedAt\": \"2023-03-10T15:30:21.000Z\",\n    \"InvoiceId\": null,\n    \"ProductId\": \"8de3dd57-232a-4c42-9688-ad5cd8f05da8\"\n  }",
                "form": []
            },
            "tests": []
        },
        {
            "_id": "95cfc46c-9d01-439c-8370-da64327cd11e",
            "colId": "9867f855-ed31-43d1-8687-bad686152bd3",
            "containerId": "5ddb44df-b78a-4153-a78d-f0fd58b9a060",
            "name": "PATCH",
            "url": "http://localhost:3000/inventory",
            "method": "PATCH",
            "sortNum": 130000,
            "created": "2023-04-03T12:34:42.652Z",
            "modified": "2023-04-03T12:34:42.652Z",
            "headers": [],
            "params": [],
            "body": {
                "type": "json",
                "raw": "  {\n    \"id\": \"31aa2391-deb0-4458-bee0-1995aa205926\",\n    \"status\": \"Vendido\",\n    \"IMEISerie\": \"41241241453413241\",\n    \"tipoCodigoDeBarras\": \"Code128\",\n    \"codigoDeBarras\": \"01128930453442382319\",\n    \"precioIVA\": 28,\n    \"precioSinIVA\": 23,\n    \"precioIVAINC\": 30,\n    \"imagen\": \"url\",\n    \"createdAt\": \"2023-03-10T15:30:21.000Z\",\n    \"updatedAt\": \"2023-03-10T15:30:21.000Z\",\n    \"InvoiceId\": null,\n    \"ProductId\": \"8de3dd57-232a-4c42-9688-ad5cd8f05da8\"\n  }",
                "form": []
            },
            "tests": []
        },
        {
            "_id": "c6ad4912-1d60-46fb-81ae-e831e4dcb71c",
            "colId": "9867f855-ed31-43d1-8687-bad686152bd3",
            "containerId": "1184843c-3acc-495e-9925-f1f5629dffa9",
            "name": "DELETE",
            "url": "http://localhost:3000/invoices",
            "method": "DELETE",
            "sortNum": 140000,
            "created": "2023-04-03T12:34:42.653Z",
            "modified": "2023-04-03T12:34:42.653Z",
            "headers": [],
            "params": [],
            "tests": []
        },
        {
            "_id": "7c1022ea-a79f-4c9f-a6bb-ea1ad4707c14",
            "colId": "9867f855-ed31-43d1-8687-bad686152bd3",
            "containerId": "5ddb44df-b78a-4153-a78d-f0fd58b9a060",
            "name": "DELETE",
            "url": "http://localhost:3000/invoices",
            "method": "DELETE",
            "sortNum": 140000,
            "created": "2023-04-03T12:34:42.654Z",
            "modified": "2023-04-03T12:34:42.654Z",
            "headers": [],
            "params": [],
            "tests": []
        },
        {
            "_id": "99939617-2100-4256-9bcd-2efee0ce45f7",
            "colId": "9867f855-ed31-43d1-8687-bad686152bd3",
            "containerId": "00d2f669-2cf0-4882-9c4c-458fb961dd2e",
            "name": "DELETE",
            "url": "http://localhost:3001/products/ffc9c848-9424-4a05-8720-835c803b863c",
            "method": "DELETE",
            "sortNum": 150000,
            "created": "2023-04-03T12:34:42.655Z",
            "modified": "2023-04-06T05:19:08.253Z",
            "headers": [],
            "params": [],
            "tests": []
        },
        {
            "_id": "55ef768f-03f0-4258-9aea-2ad57884f04b",
            "colId": "9867f855-ed31-43d1-8687-bad686152bd3",
            "containerId": "80257c9d-5d4f-456c-9528-5b6a7ddc0b1b",
            "name": "POST",
            "url": "http://localhost:3001/suppliers",
            "method": "POST",
            "sortNum": 150000,
            "created": "2023-04-03T12:34:42.656Z",
            "modified": "2023-04-03T12:34:42.656Z",
            "headers": [],
            "params": [],
            "body": {
                "type": "json",
                "raw": "{\n  \"id\": \"5daf7731-4b04-461b-98d4-002ed88fcd61\",\n  \"codigo\": \"PROB1\",\n  \"numero\": \"12312312\",\n  \"nombre\": \"Proveedor 11\",\n  \"direccion\": \"Direccion1\",\n  \"poblacion\": \"asdf1\",\n  \"postal\": 16282,\n  \"cifNif\": \"sdaaadad\",\n  \"telefono\": \"99 999299 9998\"\n}",
                "form": []
            },
            "tests": []
        },
        {
            "_id": "7b1de22f-f6c9-4421-b5f2-23c48beb53b1",
            "colId": "9867f855-ed31-43d1-8687-bad686152bd3",
            "containerId": "4873d250-b4cd-4a00-af34-67f6664bc071",
            "name": "POST",
            "url": "http://localhost:3001/clients",
            "method": "POST",
            "sortNum": 150000,
            "created": "2023-04-03T12:34:42.657Z",
            "modified": "2023-04-03T12:34:42.657Z",
            "headers": [],
            "params": [],
            "body": {
                "type": "json",
                "raw": "{\n  \"codigo\": \"PROB1\",\n  \"numero\": \"12312312\",\n  \"nombre\": \"Client 11\",\n  \"direccion\": \"Direccion1\",\n  \"poblacion\": \"asdf1\",\n  \"postal\": 16282,\n  \"cifNif\": \"sdaaadad\",\n  \"telefono\": \"99 999299 9998\"\n}",
                "form": []
            },
            "tests": []
        },
        {
            "_id": "fb65a0e2-efb6-4ea0-b045-a35ddf2bf721",
            "colId": "9867f855-ed31-43d1-8687-bad686152bd3",
            "containerId": "2370825e-5012-4aa2-9fff-46989a8e6b13",
            "name": "POST",
            "url": "https://api.infotecnik.cat/suppliers",
            "method": "POST",
            "sortNum": 150000,
            "created": "2023-04-03T12:34:42.658Z",
            "modified": "2023-04-03T12:34:42.658Z",
            "headers": [],
            "params": [],
            "body": {
                "type": "json",
                "raw": "{\n  \"codigo\": \"PROB1\",\n  \"numero\": \"12312312\",\n  \"nombre\": \"Proveedor 11\",\n  \"direccion\": \"Direccion1\",\n  \"poblacion\": \"asdf1\",\n  \"postal\": 16282,\n  \"cifNif\": \"sdaaadad\",\n  \"telefono\": \"99 999299 9998\"\n}",
                "form": []
            },
            "tests": []
        },
        {
            "_id": "3a18e2b1-35f7-43fb-b8ce-bf7522d01d92",
            "colId": "9867f855-ed31-43d1-8687-bad686152bd3",
            "containerId": "d2f396f9-b2ef-437d-97a5-fb451bd4a8c1",
            "name": "POST",
            "url": "http://localhost:3001/clients",
            "method": "POST",
            "sortNum": 150000,
            "created": "2023-04-03T12:34:42.659Z",
            "modified": "2023-04-03T12:34:42.659Z",
            "headers": [],
            "params": [],
            "body": {
                "type": "json",
                "raw": "{\n  \"codigo\": \"PROB1\",\n  \"numero\": \"12312312\",\n  \"nombre\": \"Client 11\",\n  \"direccion\": \"Direccion1\",\n  \"poblacion\": \"asdf1\",\n  \"postal\": 16282,\n  \"cifNif\": \"sdaaadad\",\n  \"telefono\": \"99 999299 9998\"\n}",
                "form": []
            },
            "tests": []
        },
        {
            "_id": "190816db-4a3b-4201-a96e-8ca2a7df9160",
            "colId": "9867f855-ed31-43d1-8687-bad686152bd3",
            "containerId": "4062da3c-022d-4e6a-82fa-e7d103fef531",
            "name": "DELETE",
            "url": "http://localhost:3001/products/593aa9f0-7695-4a97-8e67-cbb045cf81c5",
            "method": "DELETE",
            "sortNum": 150000,
            "created": "2023-04-03T12:34:42.660Z",
            "modified": "2023-04-03T12:34:42.660Z",
            "headers": [],
            "params": [],
            "tests": []
        },
        {
            "_id": "6e0b675e-87bb-46d9-8be8-2938fbab2ffa",
            "colId": "9867f855-ed31-43d1-8687-bad686152bd3",
            "containerId": "80257c9d-5d4f-456c-9528-5b6a7ddc0b1b",
            "name": "GET",
            "url": "http://localhost:3001/suppliers",
            "method": "GET",
            "sortNum": 160000,
            "created": "2023-04-03T12:34:42.661Z",
            "modified": "2023-04-03T12:34:42.661Z",
            "headers": [],
            "params": [],
            "tests": []
        },
        {
            "_id": "22bbf2f9-d506-4ecf-958a-a016812fcaa3",
            "colId": "9867f855-ed31-43d1-8687-bad686152bd3",
            "containerId": "4873d250-b4cd-4a00-af34-67f6664bc071",
            "name": "GET",
            "url": "http://localhost:3001/clients",
            "method": "GET",
            "sortNum": 160000,
            "created": "2023-04-03T12:34:42.662Z",
            "modified": "2023-04-03T12:34:42.662Z",
            "headers": [],
            "params": [],
            "tests": []
        },
        {
            "_id": "13773c46-2cfe-4637-b84c-3179de3bb07d",
            "colId": "9867f855-ed31-43d1-8687-bad686152bd3",
            "containerId": "2370825e-5012-4aa2-9fff-46989a8e6b13",
            "name": "GET",
            "url": "http://localhost:3001/suppliers",
            "method": "GET",
            "sortNum": 160000,
            "created": "2023-04-03T12:34:42.663Z",
            "modified": "2023-04-03T12:34:42.663Z",
            "headers": [],
            "params": [],
            "tests": []
        },
        {
            "_id": "0265bf73-4408-4d3c-b510-b9d7d0a8b9bb",
            "colId": "9867f855-ed31-43d1-8687-bad686152bd3",
            "containerId": "d2f396f9-b2ef-437d-97a5-fb451bd4a8c1",
            "name": "GET",
            "url": "http://localhost:3001/clients",
            "method": "GET",
            "sortNum": 160000,
            "created": "2023-04-03T12:34:42.664Z",
            "modified": "2023-04-03T12:34:42.664Z",
            "headers": [],
            "params": [],
            "tests": []
        },
        {
            "_id": "32eaba3b-78a4-4fae-b790-dc938dab938f",
            "colId": "9867f855-ed31-43d1-8687-bad686152bd3",
            "containerId": "80257c9d-5d4f-456c-9528-5b6a7ddc0b1b",
            "name": "PATCH",
            "url": "http://localhost:3001/suppliers",
            "method": "PATCH",
            "sortNum": 170000,
            "created": "2023-04-03T12:34:42.665Z",
            "modified": "2023-04-06T06:05:21.179Z",
            "headers": [],
            "params": [],
            "body": {
                "type": "json",
                "raw": "  {\n    \"id\": \"5daf7731-4b04-461b-98d4-002ed88fcd61\",\n    \"nombre\": \"Proveedor 1\",\n    \"numero\": \"12312312\",\n    \"direccion\": \"Direccion 1\",\n    \"cifNif\": \"sdadad\",\n    \"poblacion\": \"asdf\",\n    \"postal\": 1682,\n    \"telefono\": \"99 9999 9999\",\n    \"createdAt\": \"2023-03-10T12:16:37.000Z\",\n    \"updatedAt\": \"2023-03-10T12:16:37.000Z\"\n  }",
                "form": []
            },
            "tests": []
        },
        {
            "_id": "cbaa1c0d-c2c2-495d-8f7a-f38a2f1ceead",
            "colId": "9867f855-ed31-43d1-8687-bad686152bd3",
            "containerId": "4873d250-b4cd-4a00-af34-67f6664bc071",
            "name": "PATCH",
            "url": "http://localhost:3001/clients",
            "method": "PATCH",
            "sortNum": 170000,
            "created": "2023-04-03T12:34:42.667Z",
            "modified": "2023-04-03T12:34:42.667Z",
            "headers": [],
            "params": [],
            "body": {
                "type": "json",
                "raw": "  {\n    \"id\": \"923e04e9-bfee-4c6a-8605-e0f6d35c2cce\",\n    \"codigo\": \"CLIB1\",\n    \"nombre\": \"Client 11\",\n    \"direccion\": \"Direccion1\",\n    \"cifNif\": \"sdaaadad\",\n    \"poblacion\": \"asdf1\",\n    \"postal\": 16282,\n    \"telefono\": \"99 999299 9998\"\n  }",
                "form": []
            },
            "tests": []
        },
        {
            "_id": "89b4c464-dd4b-45eb-b326-14be67ffaaef",
            "colId": "9867f855-ed31-43d1-8687-bad686152bd3",
            "containerId": "2370825e-5012-4aa2-9fff-46989a8e6b13",
            "name": "PATCH",
            "url": "http://localhost:3001/suppliers",
            "method": "PATCH",
            "sortNum": 170000,
            "created": "2023-04-03T12:34:42.668Z",
            "modified": "2023-04-03T12:34:42.668Z",
            "headers": [],
            "params": [],
            "body": {
                "type": "json",
                "raw": "  {\n    \"id\": \"80692cea-e451-4ab9-8440-279610e98e5c\",\n    \"nombre\": \"Proveedor 2\",\n    \"direccion\": \"Direcciones\",\n    \"cifNif\": \"sdadad\",\n    \"poblacion\": \"asdf\",\n    \"postal\": 1682,\n    \"telefono\": \"99 9999 9999\",\n    \"createdAt\": \"2023-03-10T12:16:37.000Z\",\n    \"updatedAt\": \"2023-03-10T12:16:37.000Z\"\n  }",
                "form": []
            },
            "tests": []
        },
        {
            "_id": "ebd81c8d-08fd-4bdd-b033-3b409d34185c",
            "colId": "9867f855-ed31-43d1-8687-bad686152bd3",
            "containerId": "d2f396f9-b2ef-437d-97a5-fb451bd4a8c1",
            "name": "PATCH",
            "url": "http://localhost:3001/clients",
            "method": "PATCH",
            "sortNum": 170000,
            "created": "2023-04-03T12:34:42.669Z",
            "modified": "2023-04-03T12:34:42.669Z",
            "headers": [],
            "params": [],
            "body": {
                "type": "json",
                "raw": "  {\n    \"id\": \"923e04e9-bfee-4c6a-8605-e0f6d35c2cce\",\n    \"codigo\": \"CLIB1\",\n    \"nombre\": \"Client 11\",\n    \"direccion\": \"Direccion1\",\n    \"cifNif\": \"sdaaadad\",\n    \"poblacion\": \"asdf1\",\n    \"postal\": 16282,\n    \"telefono\": \"99 999299 9998\"\n  }",
                "form": []
            },
            "tests": []
        },
        {
            "_id": "219f6e6b-f283-477e-a1d3-0a8617754f82",
            "colId": "9867f855-ed31-43d1-8687-bad686152bd3",
            "containerId": "80257c9d-5d4f-456c-9528-5b6a7ddc0b1b",
            "name": "DELETE",
            "url": "http://localhost:3001/suppliers/5daf7731-4b04-461b-98d4-002ed88fcd61",
            "method": "DELETE",
            "sortNum": 180000,
            "created": "2023-04-03T12:34:42.670Z",
            "modified": "2023-04-06T06:06:34.063Z",
            "headers": [],
            "params": [],
            "tests": []
        },
        {
            "_id": "88b742b4-145d-4fbd-8c19-4c17cb81286d",
            "colId": "9867f855-ed31-43d1-8687-bad686152bd3",
            "containerId": "4873d250-b4cd-4a00-af34-67f6664bc071",
            "name": "DELETE",
            "url": "http://localhost:3001/suppliers/c7113643-9a42-4d40-a769-a3e3dbc6c726",
            "method": "DELETE",
            "sortNum": 180000,
            "created": "2023-04-03T12:34:42.671Z",
            "modified": "2023-04-03T12:34:42.671Z",
            "headers": [],
            "params": [],
            "tests": []
        },
        {
            "_id": "bfad1734-5234-4527-b14e-9874f2545f9c",
            "colId": "9867f855-ed31-43d1-8687-bad686152bd3",
            "containerId": "2370825e-5012-4aa2-9fff-46989a8e6b13",
            "name": "DELETE",
            "url": "http://localhost:3001/suppliers/c7113643-9a42-4d40-a769-a3e3dbc6c726",
            "method": "DELETE",
            "sortNum": 180000,
            "created": "2023-04-03T12:34:42.672Z",
            "modified": "2023-04-03T12:34:42.672Z",
            "headers": [],
            "params": [],
            "tests": []
        },
        {
            "_id": "926d2126-6d4e-40b6-b9d2-e4c471d12b44",
            "colId": "9867f855-ed31-43d1-8687-bad686152bd3",
            "containerId": "d2f396f9-b2ef-437d-97a5-fb451bd4a8c1",
            "name": "DELETE",
            "url": "http://localhost:3001/suppliers/c7113643-9a42-4d40-a769-a3e3dbc6c726",
            "method": "DELETE",
            "sortNum": 180000,
            "created": "2023-04-03T12:34:42.673Z",
            "modified": "2023-04-03T12:34:42.673Z",
            "headers": [],
            "params": [],
            "tests": []
        },
        {
            "_id": "22820e2d-9ba5-41be-a320-3a41968ca477",
            "colId": "9867f855-ed31-43d1-8687-bad686152bd3",
            "containerId": "61108305-239e-4594-8236-7f8c52648c5f",
            "name": "Upload images",
            "url": "http://localhost:3001/upload/image",
            "method": "POST",
            "sortNum": 190000,
            "created": "2023-04-03T12:34:42.674Z",
            "modified": "2023-04-03T12:36:34.267Z",
            "headers": [],
            "params": [],
            "body": {
                "type": "formdata",
                "raw": "",
                "form": [],
                "files": [
                    {
                        "name": "file",
                        "value": "c:\\Users\\maxim\\Downloads\\logo.png"
                    }
                ]
            },
            "tests": []
        },
        {
            "_id": "3097060c-43e3-4981-8865-264e7efd45e1",
            "colId": "9867f855-ed31-43d1-8687-bad686152bd3",
            "containerId": "be7c4041-aec9-4d6c-aa83-2fa12f5fa32c",
            "name": "Upload",
            "url": "http://localhost:3001/upload/image",
            "method": "POST",
            "sortNum": 190000,
            "created": "2023-04-03T12:34:42.675Z",
            "modified": "2023-04-03T12:34:42.675Z",
            "headers": [],
            "params": [],
            "body": {
                "type": "formdata",
                "raw": "",
                "form": [],
                "files": [
                    {
                        "name": "file",
                        "value": "c:\\Users\\maxim\\Downloads\\karen.PNG"
                    }
                ]
            },
            "tests": []
        },
        {
            "_id": "0c776f81-52e9-4981-9c63-57bca4b4db96",
            "colId": "9867f855-ed31-43d1-8687-bad686152bd3",
            "containerId": "d4341e84-d098-42ea-8abb-68446244a3e3",
            "name": "POST",
            "url": "http://localhost:3001/user",
            "method": "POST",
            "sortNum": 210000,
            "created": "2023-04-03T12:34:42.676Z",
            "modified": "2023-04-03T12:34:42.676Z",
            "headers": [],
            "params": [],
            "body": {
                "type": "json",
                "raw": "{\n  \"rol\": \"admin\",\n  \"name\": \"Maximiliano Garcia\",\n  \"userName\": \"maxi326519\",\n  \"password\": \"1234\"\n}",
                "form": []
            },
            "tests": []
        },
        {
            "_id": "41cbd5ad-daba-408b-8ac4-50dd414f764b",
            "colId": "9867f855-ed31-43d1-8687-bad686152bd3",
            "containerId": "e48f68a8-bed0-442b-ad4b-442633b72637",
            "name": "POST",
            "url": "http://localhost:3001/user",
            "method": "POST",
            "sortNum": 210000,
            "created": "2023-04-03T12:34:42.677Z",
            "modified": "2023-04-03T12:34:42.677Z",
            "headers": [],
            "params": [],
            "body": {
                "type": "json",
                "raw": "{\n  \"rol\": \"admin\",\n  \"name\": \"Maximiliano Garcia\",\n  \"userName\": \"maxi326519\",\n  \"password\": \"1234\"\n}",
                "form": []
            },
            "tests": []
        },
        {
            "_id": "9c009a3a-392f-45da-aa1c-71246d7d3b19",
            "colId": "9867f855-ed31-43d1-8687-bad686152bd3",
            "containerId": "d4341e84-d098-42ea-8abb-68446244a3e3",
            "name": "GET - All users",
            "url": "http://localhost:3001/user/all",
            "method": "GET",
            "sortNum": 220000,
            "created": "2023-04-03T12:34:42.678Z",
            "modified": "2023-04-03T12:34:42.678Z",
            "headers": [],
            "params": [],
            "tests": []
        },
        {
            "_id": "ee6780e6-6dc8-42f1-b407-63a09368d32e",
            "colId": "9867f855-ed31-43d1-8687-bad686152bd3",
            "containerId": "e48f68a8-bed0-442b-ad4b-442633b72637",
            "name": "GET - All users",
            "url": "http://localhost:3001/user/all",
            "method": "GET",
            "sortNum": 220000,
            "created": "2023-04-03T12:34:42.679Z",
            "modified": "2023-04-03T12:34:42.679Z",
            "headers": [],
            "params": [],
            "tests": []
        },
        {
            "_id": "d1b35041-502c-480a-afcf-9b852b63df45",
            "colId": "9867f855-ed31-43d1-8687-bad686152bd3",
            "containerId": "61108305-239e-4594-8236-7f8c52648c5f",
            "name": "Upload Files",
            "url": "http://localhost:3001/upload/files",
            "method": "POST",
            "sortNum": 220000,
            "created": "2023-04-03T12:34:42.680Z",
            "modified": "2023-04-03T12:34:42.680Z",
            "headers": [],
            "params": [],
            "body": {
                "type": "formdata",
                "raw": "",
                "form": [],
                "files": [
                    {
                        "name": "file",
                        "value": "c:\\Users\\maxim\\Downloads\\CV - Maximiliano Garcia.pdf"
                    }
                ]
            },
            "tests": []
        },
        {
            "_id": "fb0e1c67-f618-4a86-8e49-0b4d606bda33",
            "colId": "9867f855-ed31-43d1-8687-bad686152bd3",
            "containerId": "d4341e84-d098-42ea-8abb-68446244a3e3",
            "name": "UPDATE",
            "url": "http://localhost:3001/user",
            "method": "PATCH",
            "sortNum": 240000,
            "created": "2023-04-03T12:34:42.681Z",
            "modified": "2023-04-03T12:34:42.681Z",
            "headers": [],
            "params": [],
            "body": {
                "type": "json",
                "raw": "{\n    \"id\": \"6608eb74-e7dc-4723-94e0-5ec0a851501f\",\n    \"rol\": \"admin\",\n    \"name\": \"Maximiliano Miguel Garcia\",\n    \"userName\": \"maxi326\",\n    \"password\": \"321654987\"\n  }",
                "form": []
            },
            "tests": []
        },
        {
            "_id": "fd7c3894-8333-4c3d-b594-fa12918983d1",
            "colId": "9867f855-ed31-43d1-8687-bad686152bd3",
            "containerId": "e48f68a8-bed0-442b-ad4b-442633b72637",
            "name": "UPDATE",
            "url": "http://localhost:3001/user",
            "method": "PATCH",
            "sortNum": 240000,
            "created": "2023-04-03T12:34:42.682Z",
            "modified": "2023-04-03T12:34:42.682Z",
            "headers": [],
            "params": [],
            "body": {
                "type": "json",
                "raw": "{\n    \"id\": \"6608eb74-e7dc-4723-94e0-5ec0a851501f\",\n    \"rol\": \"admin\",\n    \"name\": \"Maximiliano Miguel Garcia\",\n    \"userName\": \"maxi326\",\n    \"password\": \"321654987\"\n  }",
                "form": []
            },
            "tests": []
        },
        {
            "_id": "ba0d41a1-4a5a-486b-b152-73a7b4c663f0",
            "colId": "9867f855-ed31-43d1-8687-bad686152bd3",
            "containerId": "61108305-239e-4594-8236-7f8c52648c5f",
            "name": "DELETE - Images",
            "url": "http://localhost:3001/upload/image/1680018644375.jpg",
            "method": "DELETE",
            "sortNum": 250000,
            "created": "2023-04-03T12:34:42.683Z",
            "modified": "2023-04-03T12:34:42.683Z",
            "headers": [],
            "params": [],
            "tests": []
        },
        {
            "_id": "b8e17d47-16cd-47d4-815f-f5043c87b3d3",
            "colId": "9867f855-ed31-43d1-8687-bad686152bd3",
            "containerId": "be7c4041-aec9-4d6c-aa83-2fa12f5fa32c",
            "name": "DELETE - images",
            "url": "http://localhost:3001/upload/image/1680018644375",
            "method": "DELETE",
            "sortNum": 250000,
            "created": "2023-04-03T12:34:42.684Z",
            "modified": "2023-04-03T12:34:42.684Z",
            "headers": [],
            "params": [],
            "tests": []
        },
        {
            "_id": "9543e928-f780-4f8f-9657-1e593a6e4dfc",
            "colId": "9867f855-ed31-43d1-8687-bad686152bd3",
            "containerId": "00d2f669-2cf0-4882-9c4c-458fb961dd2e",
            "name": "POST - Capacidades",
            "url": "http://localhost:3001/products/attributes/capacidad",
            "method": "POST",
            "sortNum": 260000,
            "created": "2023-04-03T12:34:42.685Z",
            "modified": "2023-04-03T12:34:42.685Z",
            "headers": [],
            "params": [],
            "body": {
                "type": "json",
                "raw": "[ \"64GB\", \"128GB\", \"240GB\", \"16GB\"]",
                "form": []
            },
            "tests": []
        },
        {
            "_id": "e15b0534-2829-42ed-bfaf-58fd0f3e4051",
            "colId": "9867f855-ed31-43d1-8687-bad686152bd3",
            "containerId": "4062da3c-022d-4e6a-82fa-e7d103fef531",
            "name": "POST - Capacidades",
            "url": "http://localhost:3001/products/attributes/capacidad",
            "method": "POST",
            "sortNum": 260000,
            "created": "2023-04-03T12:34:42.686Z",
            "modified": "2023-04-03T12:34:42.686Z",
            "headers": [],
            "params": [],
            "body": {
                "type": "json",
                "raw": "[ \"64GB\", \"128GB\", \"240GB\", \"16GB\"]",
                "form": []
            },
            "tests": []
        },
        {
            "_id": "e3396590-a72f-4db1-a4b4-dc69ae16a224",
            "colId": "9867f855-ed31-43d1-8687-bad686152bd3",
            "containerId": "61108305-239e-4594-8236-7f8c52648c5f",
            "name": "DELETE - Invoice",
            "url": "http://localhost:3001/upload/invoice/1680386352148.pdf",
            "method": "DELETE",
            "sortNum": 260000,
            "created": "2023-04-03T12:34:42.687Z",
            "modified": "2023-04-03T12:34:42.687Z",
            "headers": [],
            "params": [],
            "tests": []
        },
        {
            "_id": "7b84b23b-b191-4d8d-b68d-305d53d96b10",
            "colId": "9867f855-ed31-43d1-8687-bad686152bd3",
            "containerId": "00d2f669-2cf0-4882-9c4c-458fb961dd2e",
            "name": "POST - Colores",
            "url": "http://localhost:3001/products/attributes/color",
            "method": "POST",
            "sortNum": 262500,
            "created": "2023-04-03T12:34:42.688Z",
            "modified": "2023-04-03T12:34:42.688Z",
            "headers": [],
            "params": [],
            "body": {
                "type": "json",
                "raw": "[ \"Verde\", \"Azul\", \"Violeta\", \"Negro\", \"Rosa\"]",
                "form": []
            },
            "tests": []
        },
        {
            "_id": "ecab7727-1cda-4122-bb35-e0c014d51f9b",
            "colId": "9867f855-ed31-43d1-8687-bad686152bd3",
            "containerId": "4062da3c-022d-4e6a-82fa-e7d103fef531",
            "name": "POST - Colores",
            "url": "http://localhost:3001/products/attributes/color",
            "method": "POST",
            "sortNum": 262500,
            "created": "2023-04-03T12:34:42.689Z",
            "modified": "2023-04-03T12:34:42.689Z",
            "headers": [],
            "params": [],
            "body": {
                "type": "json",
                "raw": "[ \"Verde\", \"Azul\", \"Violeta\", \"Negro\", \"Rosa\"]",
                "form": []
            },
            "tests": []
        },
        {
            "_id": "ee8557ef-c21d-434f-94e8-0c4a7decaafb",
            "colId": "9867f855-ed31-43d1-8687-bad686152bd3",
            "containerId": "00d2f669-2cf0-4882-9c4c-458fb961dd2e",
            "name": "POST - Categories",
            "url": "http://localhost:3001/products/categories",
            "method": "POST",
            "sortNum": 280000,
            "created": "2023-04-03T12:34:42.690Z",
            "modified": "2023-04-03T13:33:03.964Z",
            "headers": [],
            "params": [],
            "body": {
                "type": "json",
                "raw": "[\n  [0, \"categorias\", -1],\n  [1, \"celulares\", 0],\n  [2, \"iphone\", 1],\n  [3, \"netbooks\", 0],\n  [4, \"14 pulgadas\", 3]\n]",
                "form": []
            },
            "tests": []
        },
        {
            "_id": "1256d6a8-4c88-4ba3-89ca-5cb92c9ebd88",
            "colId": "9867f855-ed31-43d1-8687-bad686152bd3",
            "containerId": "4062da3c-022d-4e6a-82fa-e7d103fef531",
            "name": "POST - Categories",
            "url": "http://localhost:3001/products/categories",
            "method": "POST",
            "sortNum": 280000,
            "created": "2023-04-03T12:34:42.691Z",
            "modified": "2023-04-03T12:34:42.691Z",
            "headers": [],
            "params": [],
            "body": {
                "type": "json",
                "raw": "[\n  [0, \"categorias\", -1],\n  [1, \"celulares\", 0],\n  [2, \"iphone\", 10],\n  [3, \"netbooks\", 0],\n  [4, \"14 pulgadas\", 3]\n]",
                "form": []
            },
            "tests": []
        },
        {
            "_id": "78f4774f-0c74-4565-9e6d-c496a926eb46",
            "colId": "9867f855-ed31-43d1-8687-bad686152bd3",
            "containerId": "00d2f669-2cf0-4882-9c4c-458fb961dd2e",
            "name": "GET - Attibutes",
            "url": "http://localhost:3001/products/attributes",
            "method": "GET",
            "sortNum": 290000,
            "created": "2023-04-03T12:34:42.692Z",
            "modified": "2023-04-03T12:34:42.692Z",
            "headers": [],
            "params": [],
            "tests": []
        },
        {
            "_id": "06ee0838-3fe2-47fb-a7f2-fcd8cc9a8b25",
            "colId": "9867f855-ed31-43d1-8687-bad686152bd3",
            "containerId": "4062da3c-022d-4e6a-82fa-e7d103fef531",
            "name": "GET - Attibutes",
            "url": "http://localhost:3001/products/attributes",
            "method": "GET",
            "sortNum": 290000,
            "created": "2023-04-03T12:34:42.693Z",
            "modified": "2023-04-03T12:34:42.693Z",
            "headers": [],
            "params": [],
            "tests": []
        },
        {
            "_id": "f074f216-edf6-4fc2-911a-63afff03d40f",
            "colId": "9867f855-ed31-43d1-8687-bad686152bd3",
            "containerId": "6cb67f0e-dc42-428c-827e-602b2951f09f",
            "name": "POST",
            "url": "http://localhost:3001/transactions",
            "method": "POST",
            "sortNum": 300000,
            "created": "2023-04-03T12:34:42.694Z",
            "modified": "2023-04-03T12:34:42.694Z",
            "headers": [],
            "params": [],
            "body": {
                "type": "json",
                "raw": "{\n  \"fecha\": \"03/30/2023\",\n  \"fechaValor\": \"03/30/2023\",\n  \"movimiento\": 200,\n  \"masDatos\": \"Detalles\",\n  \"importe\": 150\n}",
                "form": []
            },
            "tests": []
        },
        {
            "_id": "b237ccab-bb7f-4670-9768-f0fe33499841",
            "colId": "9867f855-ed31-43d1-8687-bad686152bd3",
            "containerId": "9bd6f6de-fe2d-4d86-94a7-25636f494e70",
            "name": "POST",
            "url": "http://localhost:3001/transactions",
            "method": "POST",
            "sortNum": 300000,
            "created": "2023-04-03T12:34:42.695Z",
            "modified": "2023-04-03T12:34:42.695Z",
            "headers": [],
            "params": [],
            "body": {
                "type": "json",
                "raw": "{\n  \"fecha\": \"03/30/2023\",\n  \"fechaValor\": \"03/30/2023\",\n  \"movimiento\": 200,\n  \"masDatos\": \"Detalles\",\n  \"importe\": 150\n}",
                "form": []
            },
            "tests": []
        },
        {
            "_id": "7c2038fa-9258-4db6-a000-eade4e1c360f",
            "colId": "9867f855-ed31-43d1-8687-bad686152bd3",
            "containerId": "6cb67f0e-dc42-428c-827e-602b2951f09f",
            "name": "GET",
            "url": "http://localhost:3001/transactions",
            "method": "GET",
            "sortNum": 315000,
            "created": "2023-04-03T12:34:42.696Z",
            "modified": "2023-04-03T12:34:42.696Z",
            "headers": [],
            "params": [],
            "tests": []
        },
        {
            "_id": "a2e44b89-3a2e-4230-96e1-6c2376f8a0ff",
            "colId": "9867f855-ed31-43d1-8687-bad686152bd3",
            "containerId": "9bd6f6de-fe2d-4d86-94a7-25636f494e70",
            "name": "GET",
            "url": "http://localhost:3001/transactions",
            "method": "GET",
            "sortNum": 315000,
            "created": "2023-04-03T12:34:42.697Z",
            "modified": "2023-04-03T12:34:42.697Z",
            "headers": [],
            "params": [],
            "tests": []
        },
        {
            "_id": "79c8c7f1-3fe9-4e37-8737-1930cc8c0f66",
            "colId": "9867f855-ed31-43d1-8687-bad686152bd3",
            "containerId": "6cb67f0e-dc42-428c-827e-602b2951f09f",
            "name": "DELETE",
            "url": "http://localhost:3001/transactions/5371f471-e208-45cf-9375-c1e49f06140a",
            "method": "DELETE",
            "sortNum": 320000,
            "created": "2023-04-03T12:34:42.698Z",
            "modified": "2023-04-03T12:34:42.698Z",
            "headers": [],
            "params": [],
            "tests": []
        },
        {
            "_id": "bea43a2e-cf4c-4f14-8fbd-a7717e69c47b",
            "colId": "9867f855-ed31-43d1-8687-bad686152bd3",
            "containerId": "9bd6f6de-fe2d-4d86-94a7-25636f494e70",
            "name": "DELETE",
            "url": "http://localhost:3001/transactions/5371f471-e208-45cf-9375-c1e49f06140a",
            "method": "DELETE",
            "sortNum": 320000,
            "created": "2023-04-03T12:34:42.700Z",
            "modified": "2023-04-03T12:34:42.700Z",
            "headers": [],
            "params": [],
            "tests": []
        }
    ]
}
